iteration0,iteration1,iteration2,iteration3,iteration4,iteration5,iteration6,iteration7,iteration8,iteration9,iteration10,iteration11,iteration12,iteration13,iteration14,iteration15,iteration16,iteration17,iteration18,iteration19,iteration20,iteration21,iteration22,iteration23,iteration24,iteration25,iteration26,iteration27,iteration28,iteration29,iteration30,iteration31,iteration32,iteration33,iteration34,iteration35,iteration36,iteration37,iteration38,iteration39,iteration40,iteration41,iteration42,iteration43,iteration44,iteration45,iteration46,iteration47,iteration48,iteration49,iteration50,iteration51,iteration52,iteration53,iteration54,iteration55,iteration56,iteration57,iteration58,iteration59,iteration60,iteration61,iteration62,iteration63,iteration64,iteration65,iteration66,iteration67,iteration68,iteration69,iteration70,iteration71,iteration72,iteration73,iteration74,iteration75,iteration76,iteration77,iteration78,iteration79,iteration80,iteration81,iteration82,iteration83,iteration84,iteration85,iteration86,iteration87,iteration88,iteration89,iteration90,iteration91,iteration92,iteration93,iteration94,iteration95,iteration96,iteration97,iteration98,iteration99
HR+,HR+,HR+,HR+,HR+,HR+,HR+,HR+,HR+,HR+,HR+,HR+,HR+,HR+,HR+,HR+,HR+,HR+,HR+,HR+,HR+,HR+,HR+,HR+,HR+,HR+,HR+,HR+,HR+,HR+,HR+,HR+,HR+,HR+,HR+,HR+,HR+,HR+,HR+,HR+,HR+,HR+,HR+,HR+,HR+,HR+,HR+,HR+,HR+,HR+,HR+,HR+,HR+,HR+,HR+,HR+,HR+,HR+,HR+,HR+,HR+,HR+,HR+,HR+,HR+,HR+,HR+,HR+,HR+,HR+,HR+,HR+,HR+,HR+,HR+,HR+,HR+,HR+,HR+,HR+,HR+,HR+,HR+,HR+,HR+,HR+,HR+,HR+,HR+,HR+,HR+,HR+,HR+,HR+,HR+,HR+,HR+,HR+,HR+,HR+
HER2+,HER2+,HER2+,HER2+,HER2+,HER2+,HER2+,HER2+,HER2+,HER2+,HER2+,HER2+,HER2+,HER2+,HER2+,HER2+,HER2+,HER2+,HER2+,HER2+,HER2+,HER2+,HER2+,HER2+,HER2+,HER2+,HER2+,HER2+,HER2+,HER2+,HER2+,HER2+,HER2+,HER2+,HER2+,HER2+,HER2+,HER2+,HER2+,HER2+,HER2+,HER2+,HER2+,HER2+,HER2+,HER2+,HER2+,HER2+,HER2+,HER2+,HER2+,HER2+,HER2+,HER2+,HER2+,HER2+,HER2+,HER2+,HER2+,HER2+,HER2+,HER2+,HER2+,HER2+,HER2+,HER2+,HER2+,HER2+,HER2+,HER2+,HER2+,HER2+,HER2+,HER2+,HER2+,HER2+,HER2+,HER2+,HER2+,HER2+,HER2+,HER2+,HER2+,HER2+,HER2+,HER2+,HER2+,HER2+,HER2+,HER2+,HER2+,HER2+,HER2+,HER2+,HER2+,HER2+,HER2+,HER2+,HER2+,HER2+
HER2+,HER2+,HER2+,HER2+,HER2+,HER2+,HER2+,HER2+,HER2+,HER2+,HER2+,HER2+,HER2+,HER2+,HER2+,HER2+,HER2+,HER2+,HER2+,HER2+,HER2+,HER2+,HER2+,HER2+,HER2+,HER2+,HER2+,HER2+,HER2+,HER2+,HER2+,HER2+,HER2+,HER2+,HER2+,HER2+,HER2+,HER2+,HER2+,HER2+,HER2+,HER2+,HER2+,HER2+,HER2+,HER2+,HER2+,HER2+,HER2+,HER2+,HER2+,HER2+,HER2+,HER2+,HER2+,HER2+,HER2+,HER2+,HER2+,HER2+,HER2+,HER2+,HER2+,HER2+,HER2+,HER2+,HER2+,HER2+,HER2+,HER2+,HER2+,HER2+,HER2+,HER2+,HER2+,HER2+,HER2+,HER2+,HER2+,HER2+,HER2+,Triple Neg,HER2+,HER2+,Triple Neg,HER2+,HER2+,HER2+,HER2+,HER2+,HER2+,HER2+,HER2+,HER2+,HER2+,HER2+,HER2+,HER2+,HER2+,HER2+
HER2+,HER2+,HER2+,HER2+,HER2+,HER2+,HER2+,HER2+,HER2+,HER2+,HER2+,HER2+,HER2+,HER2+,HER2+,HER2+,HER2+,HER2+,HER2+,HER2+,HER2+,HER2+,HER2+,HER2+,HER2+,HER2+,HER2+,HER2+,HER2+,HER2+,HER2+,HER2+,HER2+,HER2+,HER2+,HER2+,HER2+,HER2+,HER2+,HER2+,HER2+,HER2+,HER2+,HER2+,HER2+,HER2+,HER2+,HER2+,HER2+,HER2+,HER2+,HER2+,HER2+,HER2+,HER2+,HER2+,HER2+,HER2+,HER2+,HER2+,HER2+,HER2+,HER2+,HER2+,HER2+,HER2+,HER2+,HER2+,HER2+,HER2+,HER2+,HER2+,HER2+,HER2+,HER2+,HER2+,HER2+,HER2+,HER2+,HER2+,HER2+,HER2+,HER2+,HER2+,HER2+,HER2+,HER2+,HER2+,HER2+,HER2+,HER2+,HER2+,HER2+,HER2+,HER2+,HER2+,HER2+,HER2+,HER2+,HER2+
Triple Neg,HR+,HR+,Triple Neg,Triple Neg,Triple Neg,HR+,Triple Neg,Triple Neg,Triple Neg,Triple Neg,HR+,Triple Neg,HR+,HR+,HR+,HR+,Triple Neg,HR+,HR+,Triple Neg,Triple Neg,Triple Neg,HR+,Triple Neg,Triple Neg,Triple Neg,HR+,Triple Neg,Triple Neg,Triple Neg,Triple Neg,HR+,HR+,Triple Neg,Triple Neg,Triple Neg,Triple Neg,HR+,Triple Neg,Triple Neg,HR+,Triple Neg,Triple Neg,HR+,HR+,HR+,HR+,Triple Neg,Triple Neg,Triple Neg,HR+,Triple Neg,Triple Neg,HR+,Triple Neg,Triple Neg,Triple Neg,Triple Neg,Triple Neg,HR+,Triple Neg,Triple Neg,Triple Neg,Triple Neg,HR+,Triple Neg,HR+,HR+,HR+,Triple Neg,HR+,HR+,Triple Neg,Triple Neg,Triple Neg,Triple Neg,Triple Neg,HR+,Triple Neg,Triple Neg,Triple Neg,Triple Neg,Triple Neg,HR+,HR+,Triple Neg,Triple Neg,HR+,Triple Neg,Triple Neg,Triple Neg,Triple Neg,HR+,HR+,Triple Neg,Triple Neg,Triple Neg,Triple Neg,Triple Neg
HER2+,HER2+,Triple Neg,HER2+,Triple Neg,Triple Neg,Triple Neg,HER2+,Triple Neg,Triple Neg,HER2+,HER2+,Triple Neg,HER2+,HER2+,HER2+,Triple Neg,HER2+,Triple Neg,HER2+,Triple Neg,Triple Neg,HER2+,HER2+,Triple Neg,HER2+,HER2+,Triple Neg,Triple Neg,Triple Neg,HER2+,HER2+,Triple Neg,HER2+,HER2+,HER2+,HER2+,Triple Neg,HER2+,Triple Neg,Triple Neg,HER2+,Triple Neg,HER2+,HER2+,Triple Neg,HER2+,HER2+,HER2+,Triple Neg,HER2+,HER2+,Triple Neg,HER2+,Triple Neg,Triple Neg,HER2+,HER2+,HER2+,HER2+,HER2+,HER2+,HER2+,Triple Neg,HER2+,Triple Neg,Triple Neg,HER2+,Triple Neg,Triple Neg,HER2+,HER2+,HER2+,Triple Neg,Triple Neg,HER2+,Triple Neg,HER2+,HR+,Triple Neg,HER2+,HER2+,HER2+,HER2+,Triple Neg,HER2+,HER2+,Triple Neg,Triple Neg,Triple Neg,HER2+,HER2+,Triple Neg,Triple Neg,HER2+,HER2+,Triple Neg,Triple Neg,Triple Neg,HER2+
HR+,HR+,HR+,HR+,HR+,HR+,HR+,HR+,HR+,HR+,HR+,HR+,HR+,HR+,HR+,HR+,HR+,HR+,HR+,HR+,HR+,HR+,HR+,HR+,HR+,HR+,Triple Neg,HR+,HR+,HR+,HR+,Triple Neg,HR+,HR+,HR+,HR+,HR+,HR+,HR+,HR+,Triple Neg,HR+,HR+,HR+,HR+,HR+,HR+,HR+,HR+,HR+,HR+,HR+,HR+,HR+,HR+,HR+,HR+,HR+,HR+,HR+,HR+,HR+,Triple Neg,HR+,HR+,HR+,HR+,HR+,HR+,HR+,Triple Neg,HR+,HR+,HR+,HR+,HR+,HR+,Triple Neg,HR+,HR+,HR+,Triple Neg,Triple Neg,HR+,HR+,HR+,HR+,HR+,HR+,HR+,HR+,HR+,HR+,HR+,HR+,HR+,HR+,HR+,HR+,HR+
HR+,HR+,HR+,HR+,HR+,HR+,HR+,HR+,HR+,HR+,HR+,HR+,HR+,HR+,HR+,HR+,HR+,HR+,HR+,HR+,HR+,HR+,HR+,HR+,HR+,HR+,HR+,HR+,HR+,HR+,HR+,HR+,HR+,HR+,HR+,HR+,HR+,HR+,HR+,HR+,HR+,HR+,HR+,HR+,HR+,HR+,HR+,HR+,HR+,HR+,HR+,HR+,HR+,Triple Neg,HR+,HR+,HR+,HR+,HR+,HR+,HR+,HR+,HR+,HR+,HR+,HR+,HR+,HR+,HR+,HR+,Triple Neg,HR+,HR+,HR+,HR+,HR+,HR+,HR+,HR+,HR+,HR+,HR+,HR+,HR+,HR+,HR+,HR+,HR+,HR+,HR+,HR+,HR+,HR+,HR+,HR+,HR+,HR+,HR+,HR+,HR+
Triple Neg,HER2+,HR+,HER2+,HER2+,HR+,HER2+,Triple Neg,HER2+,Triple Neg,HER2+,HER2+,Triple Neg,HER2+,HER2+,Triple Neg,HER2+,HER2+,HR+,Triple Neg,HER2+,Triple Neg,HER2+,HER2+,Triple Neg,HER2+,HR+,HER2+,HER2+,Triple Neg,HR+,HER2+,HR+,HER2+,HER2+,Triple Neg,HER2+,HER2+,HER2+,Triple Neg,HER2+,HR+,HR+,Triple Neg,HER2+,Triple Neg,HER2+,Triple Neg,HER2+,HER2+,HER2+,HER2+,HER2+,HER2+,HER2+,Triple Neg,HER2+,HER2+,Triple Neg,HR+,Triple Neg,HER2+,HER2+,Triple Neg,HER2+,HER2+,HR+,HER2+,HR+,Triple Neg,HER2+,HER2+,HR+,Triple Neg,Triple Neg,HER2+,Triple Neg,HER2+,Triple Neg,Triple Neg,HER2+,HER2+,HER2+,HER2+,Triple Neg,HER2+,HER2+,Triple Neg,Triple Neg,HR+,HER2+,HER2+,HER2+,Triple Neg,HER2+,HER2+,HER2+,Triple Neg,Triple Neg,HER2+
HER2+,HER2+,HER2+,HER2+,HER2+,HER2+,HER2+,HER2+,HER2+,HER2+,HER2+,HER2+,HER2+,HER2+,HER2+,HER2+,HER2+,HER2+,HER2+,HER2+,HER2+,HER2+,HER2+,HER2+,HER2+,HER2+,HER2+,HER2+,HER2+,HER2+,HER2+,Triple Neg,HER2+,HER2+,HER2+,HER2+,HER2+,HER2+,HER2+,HER2+,HER2+,HER2+,HER2+,HER2+,HER2+,HER2+,HER2+,HER2+,Triple Neg,HER2+,HER2+,HER2+,HER2+,HER2+,HER2+,HER2+,HER2+,HER2+,HER2+,HER2+,HER2+,HER2+,HER2+,HER2+,HER2+,HER2+,HER2+,HER2+,HER2+,HER2+,HER2+,HER2+,HER2+,HER2+,HER2+,HER2+,HER2+,HER2+,HER2+,HER2+,HER2+,HER2+,HER2+,HER2+,HER2+,HER2+,HER2+,HER2+,HER2+,HER2+,Triple Neg,Triple Neg,HER2+,HER2+,HER2+,HER2+,HER2+,HER2+,HER2+,HER2+
HER2+,HER2+,HER2+,HER2+,HER2+,HER2+,HER2+,HER2+,HER2+,HER2+,HER2+,HER2+,HER2+,HER2+,HER2+,HER2+,HER2+,HER2+,HER2+,HER2+,HER2+,HER2+,HER2+,HER2+,HER2+,HER2+,HER2+,HER2+,HER2+,HER2+,HER2+,HER2+,HER2+,HER2+,HER2+,HER2+,HER2+,HER2+,HER2+,HER2+,HER2+,HER2+,HER2+,HER2+,HER2+,HER2+,HER2+,HER2+,HER2+,HER2+,HER2+,HER2+,HER2+,HER2+,HER2+,HER2+,HER2+,HER2+,HER2+,HER2+,HER2+,HER2+,HER2+,HER2+,HER2+,HER2+,HER2+,HER2+,HER2+,HER2+,HER2+,HER2+,HER2+,HER2+,HER2+,HER2+,HER2+,HER2+,HER2+,HER2+,HER2+,HER2+,HER2+,HER2+,HER2+,HER2+,HER2+,HER2+,HER2+,HER2+,HER2+,HER2+,HER2+,HER2+,HER2+,HER2+,HER2+,HER2+,HER2+,HER2+
HR+,HR+,HR+,Triple Neg,HER2+,HR+,HR+,HR+,HR+,HR+,Triple Neg,HR+,Triple Neg,HR+,HR+,HR+,HR+,HR+,HR+,HR+,HR+,Triple Neg,Triple Neg,HR+,Triple Neg,HR+,Triple Neg,HR+,Triple Neg,HR+,Triple Neg,Triple Neg,HR+,HR+,Triple Neg,Triple Neg,Triple Neg,Triple Neg,Triple Neg,Triple Neg,HR+,Triple Neg,HR+,HR+,HR+,HR+,HR+,HR+,HR+,HR+,Triple Neg,HR+,HR+,Triple Neg,HR+,HR+,Triple Neg,Triple Neg,HR+,HR+,HR+,HR+,HR+,HR+,HR+,HR+,Triple Neg,HR+,HR+,HR+,Triple Neg,HR+,Triple Neg,HR+,Triple Neg,Triple Neg,HR+,Triple Neg,Triple Neg,HR+,HR+,HR+,HR+,Triple Neg,HR+,HR+,Triple Neg,HR+,HR+,HR+,Triple Neg,HR+,Triple Neg,HR+,HR+,Triple Neg,Triple Neg,Triple Neg,HR+,Triple Neg
HR+,Triple Neg,Triple Neg,Triple Neg,Triple Neg,HR+,Triple Neg,Triple Neg,Triple Neg,Triple Neg,Triple Neg,Triple Neg,Triple Neg,Triple Neg,Triple Neg,Triple Neg,HR+,HR+,HR+,HR+,Triple Neg,Triple Neg,Triple Neg,Triple Neg,Triple Neg,Triple Neg,Triple Neg,Triple Neg,Triple Neg,Triple Neg,HR+,Triple Neg,Triple Neg,Triple Neg,Triple Neg,HR+,Triple Neg,Triple Neg,Triple Neg,Triple Neg,Triple Neg,Triple Neg,Triple Neg,HR+,Triple Neg,Triple Neg,Triple Neg,Triple Neg,Triple Neg,Triple Neg,Triple Neg,Triple Neg,Triple Neg,Triple Neg,HR+,HR+,Triple Neg,Triple Neg,HR+,Triple Neg,Triple Neg,Triple Neg,Triple Neg,Triple Neg,Triple Neg,Triple Neg,Triple Neg,Triple Neg,Triple Neg,HR+,Triple Neg,Triple Neg,HR+,Triple Neg,Triple Neg,Triple Neg,Triple Neg,Triple Neg,HR+,Triple Neg,Triple Neg,HR+,Triple Neg,Triple Neg,Triple Neg,Triple Neg,HR+,Triple Neg,Triple Neg,Triple Neg,Triple Neg,Triple Neg,Triple Neg,Triple Neg,Triple Neg,HR+,Triple Neg,Triple Neg,Triple Neg,Triple Neg
HER2+,HER2+,HR+,HR+,HER2+,HER2+,HER2+,HER2+,HER2+,HR+,HER2+,HR+,HR+,HR+,HER2+,HER2+,HER2+,HER2+,HR+,HER2+,HER2+,HR+,HER2+,HER2+,HR+,HER2+,HER2+,HER2+,HER2+,HER2+,HR+,HER2+,HER2+,HER2+,HER2+,HER2+,HR+,HR+,HER2+,HR+,HER2+,HER2+,HR+,HR+,HER2+,HER2+,HER2+,HER2+,HER2+,HER2+,HER2+,HER2+,Triple Neg,HR+,HER2+,HR+,HER2+,HER2+,HR+,HER2+,HR+,HER2+,HER2+,HER2+,HER2+,HER2+,Triple Neg,HER2+,HER2+,HR+,HER2+,HER2+,HR+,HR+,HR+,HER2+,HER2+,HER2+,HR+,HER2+,HER2+,HER2+,HER2+,HER2+,HER2+,HER2+,HER2+,HER2+,HER2+,HER2+,HER2+,HER2+,HER2+,Triple Neg,HER2+,HR+,HER2+,HER2+,HER2+,HER2+
HR+,HR+,HR+,Triple Neg,HR+,HR+,HR+,HR+,HR+,Triple Neg,Triple Neg,Triple Neg,Triple Neg,HR+,HER2+,HR+,HR+,HR+,HR+,HR+,HR+,HR+,HER2+,HR+,Triple Neg,HR+,Triple Neg,HR+,HR+,HR+,HR+,HR+,HR+,HR+,Triple Neg,Triple Neg,HR+,HR+,HR+,HR+,HR+,HR+,HR+,HR+,HR+,HR+,HR+,HER2+,Triple Neg,HR+,HR+,HR+,HR+,Triple Neg,HR+,HR+,HR+,HR+,Triple Neg,HR+,HR+,HER2+,HR+,HR+,HR+,HR+,HR+,HR+,HER2+,HR+,HR+,HR+,HR+,HR+,HR+,Triple Neg,HR+,Triple Neg,HR+,HR+,HR+,HR+,HR+,Triple Neg,HR+,HR+,Triple Neg,HR+,HR+,HR+,Triple Neg,HR+,Triple Neg,HR+,HR+,Triple Neg,HR+,Triple Neg,HR+,HR+
HER2+,HER2+,HER2+,HER2+,HER2+,HER2+,HER2+,HER2+,HER2+,HER2+,HER2+,HER2+,HER2+,HER2+,HER2+,HER2+,HER2+,HER2+,HER2+,HER2+,HER2+,HER2+,HER2+,HER2+,HER2+,HER2+,HER2+,HER2+,HER2+,HER2+,HER2+,HER2+,HER2+,HER2+,HER2+,HER2+,HER2+,HER2+,HER2+,HER2+,HER2+,HER2+,HER2+,HER2+,HER2+,HER2+,HER2+,HER2+,HER2+,HER2+,HER2+,HER2+,HER2+,HER2+,HER2+,HER2+,HER2+,HER2+,HER2+,HER2+,HER2+,HER2+,HER2+,HER2+,HER2+,HER2+,HER2+,HER2+,HER2+,HER2+,HER2+,HER2+,HER2+,Triple Neg,HER2+,HER2+,HER2+,HER2+,HER2+,HER2+,HER2+,HER2+,HER2+,HER2+,HER2+,HER2+,HER2+,HER2+,HER2+,HER2+,HER2+,HER2+,HER2+,HER2+,HER2+,HER2+,HER2+,HER2+,HER2+,HER2+
HR+,HR+,HR+,HR+,HR+,HR+,HR+,HR+,HR+,HR+,HR+,HR+,HR+,HR+,HR+,HR+,HR+,HR+,HR+,HR+,HR+,HR+,HR+,HR+,HR+,HR+,HR+,HR+,HR+,HR+,HR+,HR+,HR+,HR+,HR+,HR+,HR+,HR+,HR+,HR+,HR+,HR+,HR+,HR+,HR+,HR+,HR+,HR+,HR+,HR+,HR+,HR+,HR+,HR+,HR+,HR+,HR+,HR+,HR+,HR+,HR+,HR+,HR+,HR+,HR+,HR+,HR+,HR+,HR+,HR+,HR+,HR+,HR+,HR+,HR+,HR+,HR+,HR+,HR+,HR+,HR+,HR+,HR+,HR+,HR+,HR+,HR+,HR+,HR+,HR+,HR+,HR+,HR+,HR+,HR+,HR+,HR+,HR+,HR+,HR+
HR+,HR+,HR+,HR+,HR+,HR+,HR+,HR+,HR+,HR+,HR+,HR+,HR+,HR+,HR+,HR+,HR+,HR+,HR+,HR+,HR+,HR+,HR+,HR+,HR+,HR+,HR+,HR+,HR+,HR+,HR+,HR+,HR+,HR+,HR+,HR+,HR+,HR+,HR+,HR+,HR+,HR+,HR+,HR+,HR+,HR+,HR+,HR+,HR+,HR+,HR+,HR+,HR+,HR+,HR+,HR+,HR+,HR+,HR+,HR+,HR+,HR+,HR+,HR+,HR+,HR+,HR+,HR+,HR+,HR+,HR+,HR+,HR+,HR+,HR+,HR+,HR+,HR+,Triple Neg,HR+,HR+,HR+,HR+,HR+,HR+,HR+,HR+,HR+,HR+,HR+,HR+,HR+,HR+,HR+,HR+,HR+,HR+,HR+,HR+,HR+
HR+,HR+,HR+,HR+,HR+,HR+,HR+,HR+,HR+,HR+,HR+,HR+,HR+,HR+,HR+,HR+,HR+,HR+,HR+,HR+,HR+,HR+,HR+,HR+,HR+,HR+,HR+,HR+,HR+,HR+,HR+,HR+,HR+,HR+,HR+,HR+,HR+,HR+,HR+,HR+,HR+,HR+,HR+,HR+,HR+,HR+,HR+,HR+,HR+,HR+,HR+,HR+,HR+,HR+,HR+,HR+,HR+,HR+,HR+,HR+,HR+,HR+,HR+,HR+,HR+,HR+,HR+,HR+,HR+,HR+,HR+,HR+,HR+,HR+,HR+,HR+,HR+,HR+,HR+,HR+,HR+,HR+,HR+,HR+,HR+,HR+,HR+,HR+,HR+,HR+,HR+,HR+,HR+,HR+,HR+,HR+,HR+,HR+,HR+,HR+
HR+,HER2+,HER2+,HER2+,HER2+,HER2+,HER2+,HR+,HER2+,HER2+,HER2+,HER2+,HER2+,HER2+,HER2+,HER2+,HER2+,HER2+,HER2+,HER2+,HER2+,HER2+,HER2+,HR+,HER2+,HER2+,HER2+,HER2+,HER2+,HER2+,HER2+,HER2+,HER2+,HER2+,HER2+,HER2+,HER2+,HER2+,HER2+,HER2+,HER2+,HER2+,HER2+,HER2+,HER2+,HER2+,HER2+,HER2+,HER2+,HER2+,HER2+,HER2+,HER2+,HER2+,HER2+,HER2+,HER2+,HER2+,HER2+,HER2+,HER2+,HER2+,HER2+,HER2+,HR+,HER2+,HER2+,HER2+,HER2+,HER2+,HER2+,HER2+,HER2+,HER2+,HER2+,HER2+,HER2+,HER2+,HER2+,HER2+,HER2+,HER2+,HER2+,HER2+,HER2+,HER2+,HER2+,HER2+,HER2+,HER2+,HER2+,HER2+,HER2+,HER2+,HER2+,HER2+,HER2+,HER2+,HER2+,HER2+
Triple Neg,Triple Neg,Triple Neg,Triple Neg,Triple Neg,HR+,Triple Neg,HR+,Triple Neg,Triple Neg,Triple Neg,HR+,Triple Neg,HR+,Triple Neg,Triple Neg,HR+,Triple Neg,HR+,Triple Neg,Triple Neg,Triple Neg,HR+,Triple Neg,Triple Neg,Triple Neg,Triple Neg,Triple Neg,Triple Neg,Triple Neg,Triple Neg,Triple Neg,HR+,HR+,Triple Neg,Triple Neg,Triple Neg,HR+,Triple Neg,HR+,Triple Neg,HR+,Triple Neg,Triple Neg,HR+,Triple Neg,Triple Neg,HR+,HR+,Triple Neg,Triple Neg,HR+,Triple Neg,HR+,Triple Neg,Triple Neg,Triple Neg,Triple Neg,Triple Neg,HR+,Triple Neg,HR+,HR+,Triple Neg,HR+,Triple Neg,Triple Neg,HR+,HR+,HR+,Triple Neg,HR+,Triple Neg,Triple Neg,Triple Neg,Triple Neg,Triple Neg,HR+,Triple Neg,Triple Neg,Triple Neg,Triple Neg,HR+,Triple Neg,Triple Neg,Triple Neg,Triple Neg,Triple Neg,Triple Neg,HR+,Triple Neg,HR+,Triple Neg,Triple Neg,Triple Neg,Triple Neg,HR+,Triple Neg,Triple Neg,HR+
HER2+,HER2+,HER2+,HER2+,HER2+,HER2+,HER2+,HER2+,HER2+,HER2+,HER2+,HER2+,HER2+,HER2+,HER2+,HER2+,HER2+,HER2+,HER2+,HER2+,HER2+,HER2+,HER2+,HER2+,HER2+,HER2+,HER2+,HER2+,HER2+,HER2+,HER2+,HER2+,HER2+,HER2+,HER2+,HER2+,HER2+,HER2+,HER2+,HER2+,HER2+,HER2+,HER2+,HER2+,HER2+,HER2+,HER2+,HER2+,HER2+,HER2+,HER2+,HER2+,HER2+,HER2+,HER2+,HER2+,HER2+,HER2+,HER2+,HER2+,HER2+,HER2+,HER2+,HER2+,HER2+,HER2+,HER2+,HER2+,HER2+,HER2+,HER2+,HER2+,HER2+,HER2+,HER2+,HER2+,HER2+,HER2+,HER2+,HER2+,HER2+,HR+,HER2+,HER2+,HER2+,HER2+,HER2+,HER2+,HER2+,HER2+,HER2+,HER2+,HER2+,HER2+,HER2+,HER2+,HER2+,HER2+,HER2+,HER2+
HER2+,HER2+,Triple Neg,Triple Neg,HER2+,Triple Neg,HER2+,Triple Neg,Triple Neg,HER2+,HER2+,Triple Neg,Triple Neg,HER2+,Triple Neg,Triple Neg,Triple Neg,Triple Neg,Triple Neg,HER2+,HER2+,Triple Neg,HER2+,HER2+,Triple Neg,HER2+,Triple Neg,HER2+,HER2+,HER2+,Triple Neg,Triple Neg,Triple Neg,HER2+,Triple Neg,Triple Neg,Triple Neg,Triple Neg,Triple Neg,Triple Neg,HER2+,Triple Neg,HER2+,Triple Neg,HER2+,Triple Neg,Triple Neg,Triple Neg,Triple Neg,HER2+,Triple Neg,Triple Neg,Triple Neg,Triple Neg,HER2+,Triple Neg,Triple Neg,Triple Neg,Triple Neg,HER2+,Triple Neg,Triple Neg,HER2+,HER2+,HER2+,HER2+,Triple Neg,Triple Neg,HER2+,Triple Neg,HER2+,HER2+,Triple Neg,Triple Neg,Triple Neg,Triple Neg,Triple Neg,Triple Neg,Triple Neg,HER2+,Triple Neg,HER2+,Triple Neg,HER2+,HER2+,HER2+,Triple Neg,HER2+,Triple Neg,HER2+,HER2+,HER2+,Triple Neg,Triple Neg,Triple Neg,Triple Neg,Triple Neg,Triple Neg,HER2+,Triple Neg
HR+,HR+,HR+,HR+,HR+,HR+,HR+,HR+,HR+,HR+,HR+,HR+,HR+,HR+,HR+,HR+,HR+,HR+,HR+,HR+,HR+,HR+,HR+,HR+,HR+,HR+,HR+,HR+,HR+,HR+,HR+,HR+,HR+,HR+,HR+,HR+,HR+,HR+,HR+,HR+,HR+,HR+,HR+,HR+,HR+,HR+,HR+,HR+,HR+,HR+,HR+,HR+,HR+,HR+,HR+,HR+,HR+,HR+,HR+,HR+,HR+,HR+,HR+,HR+,HR+,HR+,HR+,HR+,HR+,HR+,HR+,HR+,HR+,HR+,HR+,HR+,HR+,HR+,HR+,HR+,HR+,HR+,HR+,HR+,HR+,HR+,HR+,HR+,HR+,HR+,HR+,HR+,HR+,HR+,HR+,HR+,HR+,HR+,HR+,HR+
HR+,HR+,HR+,HR+,HR+,HR+,HR+,HR+,HR+,HR+,HR+,HR+,HR+,HR+,HR+,HR+,HR+,HR+,HR+,HR+,HR+,HR+,HR+,HR+,HR+,HR+,HR+,HR+,HR+,HR+,HR+,HR+,HR+,HR+,HR+,HR+,HR+,HR+,HR+,HR+,HR+,HR+,HR+,HR+,HR+,HR+,HR+,HR+,HR+,HR+,HR+,HR+,HR+,HR+,HR+,HR+,HR+,HR+,HR+,HR+,HR+,HR+,HR+,HR+,HR+,HR+,HR+,HR+,HR+,HR+,HR+,HR+,HR+,HR+,HR+,HR+,HR+,HR+,HR+,HR+,HR+,HR+,HR+,HR+,HR+,HR+,HR+,HR+,HR+,HR+,HR+,HR+,HR+,HR+,HR+,HR+,HR+,HR+,HR+,HR+
HER2+,HER2+,HER2+,HER2+,HER2+,HER2+,HER2+,HER2+,HER2+,HER2+,HER2+,HER2+,HER2+,HER2+,HER2+,HER2+,HER2+,HER2+,HER2+,HER2+,HER2+,HER2+,HER2+,HER2+,HER2+,HER2+,HER2+,HER2+,HER2+,HER2+,HER2+,HER2+,HER2+,HER2+,HER2+,HER2+,HER2+,HER2+,HER2+,HER2+,HER2+,HER2+,HER2+,HER2+,HER2+,HER2+,HER2+,HER2+,HER2+,HER2+,HER2+,HER2+,HER2+,HER2+,HER2+,HER2+,HER2+,HER2+,HER2+,HER2+,HER2+,HER2+,HER2+,HER2+,HER2+,HER2+,HER2+,HER2+,HER2+,HER2+,HER2+,HER2+,HER2+,HER2+,HER2+,HER2+,HER2+,HER2+,HER2+,HER2+,HER2+,HER2+,HER2+,HER2+,HER2+,HER2+,HER2+,HER2+,HER2+,HER2+,HER2+,HER2+,HER2+,HER2+,HER2+,HER2+,HER2+,HER2+,HER2+,HER2+
HER2+,HER2+,HER2+,HER2+,HER2+,HER2+,HER2+,HER2+,HER2+,HER2+,HER2+,HER2+,HER2+,HER2+,HER2+,HER2+,HER2+,HER2+,HER2+,HER2+,HER2+,HER2+,HER2+,HER2+,HER2+,HER2+,HER2+,HER2+,HER2+,HER2+,HER2+,HER2+,HER2+,HER2+,HER2+,HER2+,HER2+,HER2+,HER2+,HER2+,HER2+,HER2+,HER2+,HER2+,HER2+,HER2+,HER2+,HER2+,HER2+,HER2+,HER2+,HER2+,HER2+,HER2+,HER2+,HER2+,HER2+,HER2+,HER2+,HER2+,HER2+,HER2+,HER2+,HER2+,HER2+,HER2+,HER2+,HER2+,HER2+,HER2+,HER2+,HER2+,HER2+,HER2+,HER2+,HER2+,HER2+,HER2+,HER2+,HER2+,HER2+,HER2+,HER2+,HER2+,HER2+,HER2+,HER2+,HER2+,HER2+,HER2+,HER2+,HER2+,HER2+,HER2+,HER2+,HER2+,HER2+,HER2+,HER2+,HER2+
Triple Neg,Triple Neg,HR+,Triple Neg,Triple Neg,HR+,HR+,Triple Neg,Triple Neg,Triple Neg,Triple Neg,Triple Neg,Triple Neg,HR+,Triple Neg,HR+,HR+,Triple Neg,HR+,HR+,Triple Neg,Triple Neg,Triple Neg,Triple Neg,Triple Neg,Triple Neg,Triple Neg,HR+,Triple Neg,Triple Neg,HR+,Triple Neg,Triple Neg,Triple Neg,Triple Neg,Triple Neg,Triple Neg,Triple Neg,Triple Neg,Triple Neg,Triple Neg,Triple Neg,Triple Neg,Triple Neg,HR+,HR+,Triple Neg,Triple Neg,Triple Neg,Triple Neg,Triple Neg,Triple Neg,Triple Neg,Triple Neg,HR+,Triple Neg,Triple Neg,Triple Neg,Triple Neg,Triple Neg,Triple Neg,Triple Neg,Triple Neg,Triple Neg,Triple Neg,HR+,Triple Neg,Triple Neg,Triple Neg,HR+,Triple Neg,Triple Neg,Triple Neg,Triple Neg,Triple Neg,Triple Neg,Triple Neg,Triple Neg,HR+,Triple Neg,Triple Neg,Triple Neg,Triple Neg,Triple Neg,Triple Neg,Triple Neg,Triple Neg,Triple Neg,Triple Neg,Triple Neg,Triple Neg,Triple Neg,Triple Neg,HR+,Triple Neg,Triple Neg,Triple Neg,Triple Neg,Triple Neg,Triple Neg
HR+,HR+,Triple Neg,HR+,HR+,Triple Neg,HR+,HR+,Triple Neg,HR+,HR+,Triple Neg,HR+,HR+,HR+,HR+,HR+,HR+,HR+,HR+,HR+,HR+,HR+,HR+,HR+,HR+,HR+,HR+,HR+,HR+,HR+,HR+,HR+,HR+,HR+,HR+,Triple Neg,HR+,HR+,Triple Neg,HR+,Triple Neg,HR+,HR+,HR+,HR+,HR+,HR+,HR+,HR+,HR+,HR+,HR+,HR+,HR+,HR+,Triple Neg,HR+,HR+,HR+,HR+,HR+,HR+,HR+,HR+,HR+,Triple Neg,HR+,HR+,HR+,HR+,HR+,HR+,HR+,Triple Neg,HR+,HR+,HR+,HR+,HR+,HR+,HR+,Triple Neg,HR+,HR+,HR+,HR+,HR+,HR+,Triple Neg,HR+,HR+,HR+,HR+,HR+,HR+,HR+,HR+,HR+,HR+
HR+,HR+,HR+,HR+,HR+,HR+,HR+,HR+,HR+,HR+,HR+,HR+,HR+,HR+,HR+,HR+,HR+,HR+,HR+,HR+,HR+,HR+,HR+,HR+,HR+,HR+,HR+,HR+,HR+,HR+,HR+,HR+,HR+,HR+,HR+,HR+,Triple Neg,HR+,HR+,HR+,HR+,HR+,HR+,HR+,HR+,HR+,HR+,HR+,HR+,HR+,HR+,HR+,HR+,HR+,HR+,HR+,HR+,HR+,HR+,HR+,HR+,HR+,HR+,HR+,HR+,HR+,HR+,HR+,HR+,HR+,HR+,HR+,HR+,HR+,HR+,HR+,HR+,HR+,Triple Neg,HR+,HR+,HR+,HR+,HR+,HR+,HR+,HR+,HR+,HR+,HR+,HR+,HR+,HR+,HR+,HR+,HR+,HR+,HR+,HR+,HR+
HER2+,HER2+,Triple Neg,Triple Neg,HER2+,HER2+,HER2+,HER2+,HER2+,Triple Neg,HER2+,Triple Neg,Triple Neg,Triple Neg,HER2+,Triple Neg,HER2+,HER2+,HER2+,Triple Neg,HER2+,Triple Neg,HER2+,HER2+,Triple Neg,HER2+,HER2+,Triple Neg,HER2+,HER2+,Triple Neg,HER2+,HER2+,HER2+,HER2+,HER2+,Triple Neg,Triple Neg,HER2+,Triple Neg,Triple Neg,HER2+,Triple Neg,HR+,HER2+,HER2+,HER2+,HER2+,HER2+,Triple Neg,HER2+,HER2+,Triple Neg,Triple Neg,HER2+,Triple Neg,HER2+,HER2+,HR+,HER2+,Triple Neg,HER2+,HER2+,Triple Neg,HER2+,HER2+,Triple Neg,Triple Neg,HER2+,HR+,HER2+,HER2+,Triple Neg,Triple Neg,Triple Neg,HER2+,HER2+,HER2+,Triple Neg,Triple Neg,Triple Neg,HER2+,HER2+,HER2+,HER2+,HER2+,HER2+,HER2+,Triple Neg,Triple Neg,HER2+,HER2+,Triple Neg,Triple Neg,HER2+,Triple Neg,HER2+,Triple Neg,HER2+,HER2+
Triple Neg,Triple Neg,Triple Neg,HR+,Triple Neg,Triple Neg,Triple Neg,Triple Neg,Triple Neg,Triple Neg,Triple Neg,Triple Neg,Triple Neg,Triple Neg,Triple Neg,Triple Neg,Triple Neg,Triple Neg,Triple Neg,Triple Neg,Triple Neg,Triple Neg,Triple Neg,Triple Neg,Triple Neg,Triple Neg,Triple Neg,Triple Neg,Triple Neg,Triple Neg,Triple Neg,Triple Neg,Triple Neg,Triple Neg,Triple Neg,Triple Neg,Triple Neg,Triple Neg,Triple Neg,Triple Neg,HR+,Triple Neg,Triple Neg,Triple Neg,Triple Neg,Triple Neg,Triple Neg,Triple Neg,Triple Neg,Triple Neg,Triple Neg,Triple Neg,Triple Neg,Triple Neg,Triple Neg,Triple Neg,Triple Neg,Triple Neg,Triple Neg,Triple Neg,Triple Neg,Triple Neg,Triple Neg,Triple Neg,Triple Neg,Triple Neg,Triple Neg,Triple Neg,Triple Neg,Triple Neg,Triple Neg,Triple Neg,Triple Neg,Triple Neg,Triple Neg,HER2+,Triple Neg,Triple Neg,HR+,Triple Neg,Triple Neg,Triple Neg,Triple Neg,Triple Neg,Triple Neg,Triple Neg,Triple Neg,Triple Neg,Triple Neg,Triple Neg,Triple Neg,Triple Neg,Triple Neg,Triple Neg,Triple Neg,Triple Neg,Triple Neg,Triple Neg,Triple Neg,Triple Neg
Triple Neg,Triple Neg,Triple Neg,Triple Neg,Triple Neg,Triple Neg,Triple Neg,Triple Neg,Triple Neg,Triple Neg,Triple Neg,HR+,Triple Neg,Triple Neg,Triple Neg,Triple Neg,Triple Neg,Triple Neg,Triple Neg,Triple Neg,Triple Neg,Triple Neg,Triple Neg,Triple Neg,Triple Neg,Triple Neg,Triple Neg,Triple Neg,Triple Neg,Triple Neg,Triple Neg,Triple Neg,Triple Neg,Triple Neg,Triple Neg,Triple Neg,Triple Neg,Triple Neg,Triple Neg,Triple Neg,Triple Neg,Triple Neg,Triple Neg,Triple Neg,Triple Neg,Triple Neg,Triple Neg,Triple Neg,Triple Neg,Triple Neg,Triple Neg,Triple Neg,Triple Neg,Triple Neg,Triple Neg,Triple Neg,Triple Neg,Triple Neg,Triple Neg,Triple Neg,Triple Neg,Triple Neg,Triple Neg,Triple Neg,Triple Neg,Triple Neg,Triple Neg,Triple Neg,Triple Neg,Triple Neg,Triple Neg,Triple Neg,Triple Neg,Triple Neg,Triple Neg,Triple Neg,Triple Neg,Triple Neg,Triple Neg,Triple Neg,Triple Neg,Triple Neg,Triple Neg,Triple Neg,Triple Neg,Triple Neg,Triple Neg,Triple Neg,Triple Neg,Triple Neg,Triple Neg,Triple Neg,Triple Neg,Triple Neg,Triple Neg,Triple Neg,Triple Neg,Triple Neg,Triple Neg,Triple Neg
HR+,HR+,HR+,HR+,HR+,Triple Neg,HR+,HR+,HR+,Triple Neg,HR+,Triple Neg,Triple Neg,HR+,HR+,HR+,HR+,HR+,HR+,HR+,HR+,HR+,HR+,HR+,HR+,HR+,HR+,HR+,HR+,HR+,HR+,HR+,HR+,HR+,HR+,HR+,HR+,HR+,HR+,HR+,HR+,Triple Neg,HR+,HR+,HR+,HR+,HR+,HR+,HR+,HR+,HR+,HR+,HR+,Triple Neg,HR+,HR+,HR+,HR+,HR+,HR+,HR+,HR+,HR+,HR+,HR+,HR+,HR+,HR+,HR+,HR+,Triple Neg,HR+,HR+,HR+,HR+,HR+,HR+,HR+,HR+,HR+,HR+,HR+,Triple Neg,HR+,HR+,HR+,HR+,HR+,HR+,HR+,HR+,HR+,Triple Neg,HR+,HR+,HR+,HR+,HR+,HR+,HR+
HER2+,HER2+,HR+,Triple Neg,Triple Neg,Triple Neg,Triple Neg,Triple Neg,Triple Neg,Triple Neg,Triple Neg,Triple Neg,Triple Neg,Triple Neg,HER2+,Triple Neg,HER2+,HER2+,HR+,HR+,HER2+,Triple Neg,HER2+,HER2+,HR+,HER2+,Triple Neg,HER2+,HER2+,Triple Neg,Triple Neg,Triple Neg,Triple Neg,HR+,Triple Neg,Triple Neg,Triple Neg,HR+,HR+,Triple Neg,Triple Neg,Triple Neg,Triple Neg,Triple Neg,Triple Neg,HER2+,HER2+,HR+,Triple Neg,HR+,Triple Neg,HR+,Triple Neg,HR+,HR+,Triple Neg,Triple Neg,Triple Neg,Triple Neg,Triple Neg,HR+,Triple Neg,Triple Neg,HR+,HER2+,HER2+,Triple Neg,HR+,HR+,HR+,Triple Neg,HR+,HR+,Triple Neg,Triple Neg,Triple Neg,HR+,Triple Neg,Triple Neg,HER2+,Triple Neg,Triple Neg,Triple Neg,Triple Neg,HR+,HER2+,Triple Neg,HR+,HR+,Triple Neg,Triple Neg,HR+,Triple Neg,HR+,Triple Neg,Triple Neg,HER2+,Triple Neg,HER2+,HR+
HER2+,HER2+,HER2+,HER2+,Triple Neg,HER2+,HER2+,Triple Neg,HER2+,HER2+,HER2+,HER2+,HER2+,HER2+,HER2+,HER2+,HER2+,HER2+,HER2+,HER2+,HER2+,HER2+,HER2+,HER2+,HER2+,HER2+,HER2+,HER2+,HER2+,Triple Neg,HER2+,HER2+,Triple Neg,HER2+,HER2+,HER2+,HER2+,HER2+,HER2+,HER2+,HER2+,HER2+,HR+,HER2+,HER2+,HER2+,Triple Neg,HER2+,HER2+,HER2+,HER2+,HER2+,HER2+,HER2+,HER2+,HER2+,HER2+,HER2+,HER2+,HER2+,HER2+,Triple Neg,HER2+,HER2+,HER2+,HER2+,HER2+,HER2+,HER2+,HER2+,HER2+,HER2+,HER2+,HER2+,HER2+,Triple Neg,Triple Neg,HER2+,HER2+,HER2+,HER2+,Triple Neg,Triple Neg,HER2+,Triple Neg,HER2+,HER2+,HER2+,HER2+,HER2+,Triple Neg,Triple Neg,HER2+,HER2+,HER2+,HER2+,HER2+,HER2+,HER2+,Triple Neg
HR+,HR+,HR+,HR+,HR+,HR+,HR+,Triple Neg,HR+,HR+,HR+,HR+,HR+,HR+,HR+,HR+,HR+,HR+,HR+,HR+,HR+,HR+,Triple Neg,HR+,HR+,HR+,HR+,HR+,HR+,HR+,HR+,HR+,HR+,HR+,HR+,HR+,HR+,HR+,HR+,HR+,HR+,HR+,HR+,HR+,HR+,HR+,HR+,HR+,HR+,HR+,HR+,HR+,Triple Neg,Triple Neg,HR+,HR+,HR+,HR+,HR+,HR+,Triple Neg,Triple Neg,HR+,HR+,Triple Neg,HR+,HR+,Triple Neg,HR+,HR+,HR+,HR+,HR+,HR+,HR+,HR+,HR+,Triple Neg,HR+,HR+,HR+,HR+,HR+,HR+,Triple Neg,HR+,HR+,HR+,HR+,HR+,HR+,HR+,HR+,HR+,HR+,HR+,HR+,HR+,HR+,HR+
HR+,HER2+,HER2+,HER2+,HR+,HER2+,HER2+,Triple Neg,HER2+,HER2+,HR+,HER2+,HER2+,HER2+,HER2+,HER2+,HER2+,HR+,HR+,HR+,HER2+,HER2+,Triple Neg,HR+,HR+,HR+,HR+,HR+,HER2+,HR+,HER2+,Triple Neg,HER2+,HR+,HER2+,HR+,HER2+,HR+,HER2+,HER2+,HER2+,HER2+,HR+,HER2+,Triple Neg,HER2+,HR+,HER2+,HER2+,HER2+,HR+,HER2+,HER2+,HER2+,HR+,HER2+,Triple Neg,HER2+,Triple Neg,Triple Neg,HER2+,Triple Neg,HR+,HER2+,HR+,HER2+,HER2+,HER2+,HR+,HER2+,HER2+,HR+,HER2+,HER2+,HER2+,Triple Neg,HR+,HR+,HER2+,HER2+,HER2+,Triple Neg,HER2+,HR+,HR+,HR+,HR+,HR+,HER2+,HER2+,HR+,Triple Neg,HER2+,HER2+,HR+,HER2+,HR+,HER2+,HER2+,HR+
HER2+,HER2+,HER2+,HER2+,HER2+,HER2+,HER2+,Triple Neg,HER2+,HER2+,HER2+,HER2+,HER2+,HER2+,HER2+,HER2+,HER2+,HER2+,HER2+,HER2+,HER2+,HER2+,HER2+,HER2+,HER2+,HER2+,HER2+,HER2+,HER2+,HER2+,HER2+,Triple Neg,HER2+,HER2+,HER2+,HER2+,HER2+,HER2+,HER2+,HER2+,HER2+,HER2+,HER2+,HER2+,HER2+,HER2+,HER2+,HER2+,Triple Neg,HER2+,HER2+,HER2+,HER2+,HER2+,HER2+,HER2+,HER2+,HER2+,HER2+,HER2+,HER2+,HER2+,HER2+,HER2+,HER2+,HER2+,HER2+,HER2+,HER2+,HER2+,HER2+,HER2+,HER2+,HER2+,HER2+,HER2+,HER2+,HER2+,HER2+,HER2+,HER2+,HER2+,HER2+,HER2+,Triple Neg,HER2+,HER2+,HER2+,HER2+,HER2+,HER2+,HER2+,HER2+,HER2+,HER2+,HER2+,HER2+,HER2+,HER2+,HER2+
Triple Neg,Triple Neg,HR+,Triple Neg,Triple Neg,Triple Neg,Triple Neg,Triple Neg,Triple Neg,Triple Neg,Triple Neg,Triple Neg,Triple Neg,HR+,Triple Neg,Triple Neg,Triple Neg,Triple Neg,Triple Neg,Triple Neg,Triple Neg,Triple Neg,Triple Neg,Triple Neg,Triple Neg,Triple Neg,Triple Neg,Triple Neg,Triple Neg,Triple Neg,HR+,Triple Neg,Triple Neg,Triple Neg,Triple Neg,Triple Neg,Triple Neg,Triple Neg,Triple Neg,HR+,Triple Neg,HR+,Triple Neg,Triple Neg,HR+,Triple Neg,Triple Neg,HR+,Triple Neg,Triple Neg,Triple Neg,Triple Neg,Triple Neg,Triple Neg,Triple Neg,Triple Neg,Triple Neg,Triple Neg,Triple Neg,Triple Neg,Triple Neg,Triple Neg,Triple Neg,Triple Neg,Triple Neg,Triple Neg,HR+,Triple Neg,Triple Neg,HR+,Triple Neg,Triple Neg,HR+,HR+,Triple Neg,Triple Neg,Triple Neg,Triple Neg,HR+,Triple Neg,Triple Neg,Triple Neg,Triple Neg,Triple Neg,Triple Neg,Triple Neg,Triple Neg,Triple Neg,Triple Neg,Triple Neg,Triple Neg,Triple Neg,Triple Neg,Triple Neg,Triple Neg,Triple Neg,Triple Neg,Triple Neg,Triple Neg,Triple Neg
HER2+,HER2+,HER2+,HER2+,HER2+,HER2+,HER2+,HER2+,HER2+,HER2+,HER2+,HER2+,HER2+,HER2+,HER2+,HER2+,HER2+,HER2+,HER2+,HER2+,HER2+,HER2+,HER2+,HER2+,HER2+,HER2+,HER2+,HER2+,HER2+,HER2+,HER2+,HER2+,HER2+,HER2+,HER2+,HER2+,HER2+,HER2+,HER2+,HER2+,HER2+,HER2+,HER2+,HER2+,HER2+,Triple Neg,HER2+,HER2+,HER2+,HER2+,HER2+,HER2+,HER2+,HER2+,HER2+,HER2+,HER2+,HER2+,HER2+,HER2+,HER2+,HER2+,HER2+,HER2+,HER2+,HER2+,HER2+,HER2+,HER2+,HER2+,HER2+,HER2+,HER2+,HER2+,HER2+,HER2+,HER2+,HER2+,HER2+,HER2+,HER2+,HER2+,HER2+,HER2+,HER2+,HER2+,HER2+,HER2+,HER2+,HER2+,HER2+,HER2+,HER2+,Triple Neg,HER2+,HER2+,HER2+,HER2+,HER2+,HER2+
HER2+,HER2+,HER2+,HER2+,HER2+,HER2+,HER2+,HER2+,HER2+,HER2+,HER2+,HER2+,HER2+,HER2+,HER2+,HER2+,HER2+,HER2+,HER2+,HER2+,HER2+,HER2+,HER2+,HER2+,HER2+,HER2+,HER2+,HER2+,HER2+,HER2+,HER2+,HER2+,HER2+,HER2+,HER2+,HER2+,HER2+,HER2+,HER2+,HER2+,HER2+,HER2+,HER2+,HER2+,HER2+,HER2+,HER2+,HER2+,HER2+,HER2+,HER2+,HER2+,HER2+,HER2+,HER2+,HER2+,HER2+,HER2+,HER2+,HER2+,HER2+,HER2+,HER2+,HER2+,HER2+,HER2+,HER2+,HER2+,HER2+,HER2+,HER2+,HER2+,HER2+,HER2+,HER2+,HER2+,HER2+,HER2+,HER2+,HER2+,HER2+,HER2+,HER2+,HER2+,HER2+,HER2+,HER2+,HER2+,HER2+,HER2+,HER2+,HER2+,HER2+,HER2+,HER2+,HER2+,HER2+,HER2+,HER2+,HER2+
HER2+,HER2+,HR+,HR+,HR+,HER2+,HR+,HR+,HER2+,HR+,HR+,HER2+,HR+,HR+,HR+,HR+,HR+,HR+,HR+,HR+,HR+,HR+,HR+,HR+,HR+,HR+,HR+,HR+,HR+,HER2+,HR+,HR+,HR+,HR+,HR+,HR+,HER2+,HR+,HR+,HR+,HER2+,HR+,HR+,HR+,HR+,HR+,HR+,HR+,HR+,HR+,HR+,HR+,HR+,HR+,HR+,HR+,HR+,HR+,HER2+,HR+,HR+,HR+,HR+,HR+,HR+,HR+,HR+,HR+,HR+,HR+,HR+,HR+,HR+,HR+,HR+,HR+,HR+,HR+,HR+,HR+,HR+,HER2+,HR+,HER2+,HR+,HR+,HR+,HR+,HR+,HER2+,HR+,HR+,HR+,HR+,HR+,HER2+,HR+,HR+,HR+,HR+
HR+,HR+,HR+,Triple Neg,Triple Neg,Triple Neg,Triple Neg,Triple Neg,Triple Neg,Triple Neg,Triple Neg,Triple Neg,Triple Neg,HR+,Triple Neg,Triple Neg,Triple Neg,HR+,Triple Neg,Triple Neg,HR+,Triple Neg,Triple Neg,Triple Neg,Triple Neg,Triple Neg,Triple Neg,Triple Neg,HR+,Triple Neg,HR+,Triple Neg,Triple Neg,HR+,Triple Neg,HR+,Triple Neg,HR+,HR+,Triple Neg,Triple Neg,Triple Neg,Triple Neg,Triple Neg,HR+,Triple Neg,Triple Neg,HR+,Triple Neg,Triple Neg,Triple Neg,Triple Neg,Triple Neg,HR+,Triple Neg,Triple Neg,Triple Neg,HR+,Triple Neg,Triple Neg,Triple Neg,HR+,Triple Neg,HR+,HR+,Triple Neg,Triple Neg,HR+,HR+,HR+,Triple Neg,HR+,HR+,Triple Neg,Triple Neg,Triple Neg,Triple Neg,Triple Neg,HR+,HR+,Triple Neg,Triple Neg,Triple Neg,HR+,HR+,Triple Neg,Triple Neg,Triple Neg,HR+,Triple Neg,HR+,Triple Neg,Triple Neg,HR+,HR+,Triple Neg,Triple Neg,Triple Neg,Triple Neg,Triple Neg
Triple Neg,HER2+,HER2+,Triple Neg,Triple Neg,HER2+,HER2+,Triple Neg,HER2+,HER2+,Triple Neg,HER2+,HER2+,HER2+,HER2+,HER2+,HER2+,HER2+,HER2+,HER2+,HER2+,Triple Neg,HER2+,HER2+,HER2+,HER2+,Triple Neg,HER2+,HER2+,Triple Neg,HER2+,Triple Neg,HER2+,Triple Neg,Triple Neg,Triple Neg,Triple Neg,Triple Neg,HER2+,HER2+,HER2+,HER2+,HER2+,Triple Neg,HER2+,HER2+,Triple Neg,HER2+,Triple Neg,HER2+,Triple Neg,HER2+,HER2+,HER2+,HER2+,HER2+,Triple Neg,Triple Neg,Triple Neg,HER2+,HER2+,Triple Neg,HER2+,HER2+,HER2+,HER2+,HER2+,HER2+,HER2+,HER2+,HER2+,HER2+,HER2+,HER2+,HER2+,HER2+,Triple Neg,Triple Neg,HER2+,HER2+,HER2+,Triple Neg,HER2+,Triple Neg,Triple Neg,HER2+,Triple Neg,Triple Neg,HER2+,HER2+,Triple Neg,Triple Neg,HER2+,HER2+,HER2+,HER2+,HER2+,Triple Neg,HER2+,Triple Neg
HER2+,HER2+,HER2+,HER2+,HER2+,HER2+,HER2+,HER2+,HER2+,HER2+,HER2+,HER2+,HER2+,HER2+,HER2+,HER2+,HER2+,HER2+,HER2+,HER2+,HER2+,HR+,HER2+,HER2+,HR+,HER2+,HR+,HER2+,HER2+,HER2+,HER2+,HER2+,HER2+,HER2+,HER2+,HER2+,HER2+,HER2+,HER2+,HER2+,HER2+,HER2+,HR+,HER2+,HER2+,HER2+,HER2+,HER2+,HER2+,HER2+,HR+,HER2+,HR+,HER2+,HER2+,HER2+,HER2+,HER2+,HER2+,HER2+,HER2+,HER2+,HER2+,HER2+,HR+,HER2+,HER2+,HER2+,HR+,HER2+,HER2+,HER2+,HER2+,HER2+,HER2+,HER2+,HER2+,HER2+,HER2+,HER2+,HER2+,HER2+,HER2+,HER2+,HR+,HER2+,HER2+,HER2+,HER2+,HER2+,HER2+,HER2+,HER2+,HER2+,HER2+,HER2+,HER2+,HR+,HER2+,HER2+
HR+,HR+,HR+,HR+,HR+,HR+,HR+,HR+,HR+,HR+,HR+,HR+,HR+,HR+,HR+,HR+,HR+,HR+,HR+,HR+,HR+,HR+,HR+,HR+,HR+,HR+,HR+,HR+,HR+,HR+,HR+,HR+,HR+,HR+,HR+,HR+,Triple Neg,HR+,HR+,Triple Neg,HR+,HR+,HR+,HR+,HR+,HR+,HR+,HR+,HR+,HR+,HR+,HR+,HR+,HR+,HR+,HR+,HR+,HR+,HR+,HR+,HR+,HR+,HR+,HR+,HR+,HR+,Triple Neg,HR+,HR+,HR+,HR+,HR+,HR+,HR+,Triple Neg,HR+,HR+,HR+,HR+,HR+,HR+,HR+,HR+,HR+,HR+,HR+,HR+,HR+,HR+,HR+,HR+,HR+,HR+,HR+,HR+,HR+,HR+,HR+,HR+,HR+
HR+,HER2+,HER2+,HR+,HER2+,HR+,HER2+,HR+,HR+,HR+,HER2+,HER2+,HER2+,HER2+,HER2+,HR+,HR+,HER2+,HR+,HER2+,HER2+,HER2+,HER2+,HR+,HR+,HER2+,HER2+,HER2+,HER2+,HR+,HER2+,HR+,HER2+,HER2+,HR+,HER2+,HER2+,HER2+,HER2+,HER2+,HER2+,HR+,HER2+,HR+,HER2+,HR+,HR+,HR+,HR+,HER2+,HER2+,HR+,HER2+,HER2+,HER2+,HER2+,HER2+,HR+,HR+,HER2+,HR+,HR+,HER2+,HER2+,HR+,HER2+,HER2+,HR+,HR+,HER2+,HER2+,HR+,HR+,HR+,HER2+,HR+,HER2+,HER2+,HER2+,HER2+,HER2+,HR+,HER2+,HER2+,HER2+,HR+,HER2+,HER2+,HER2+,HR+,HER2+,HR+,HER2+,HER2+,HER2+,HER2+,HER2+,HER2+,HER2+,HER2+
HR+,HR+,HR+,HR+,HR+,HR+,HR+,HR+,HR+,HR+,HR+,HR+,HR+,HR+,HR+,HR+,HR+,HR+,HR+,HR+,HR+,HR+,HR+,HR+,HR+,HR+,HR+,HR+,HR+,HR+,HR+,HR+,HR+,HR+,HR+,HR+,HR+,HR+,HR+,HR+,HR+,HR+,HR+,HR+,HR+,HR+,HR+,HR+,HR+,HR+,HR+,HR+,HR+,HR+,HR+,HR+,HR+,HR+,HR+,HR+,HR+,HR+,HR+,HR+,HR+,HR+,HR+,HR+,HR+,HR+,HR+,HR+,HR+,HR+,HR+,HR+,HR+,HR+,HR+,HR+,HR+,HR+,HR+,HR+,HR+,HR+,HR+,HR+,HR+,HR+,HR+,HR+,HR+,HR+,HR+,HR+,HR+,HR+,HR+,HR+
HER2+,HER2+,HER2+,HER2+,HER2+,HER2+,HER2+,HER2+,HER2+,HER2+,HER2+,HER2+,HER2+,HER2+,HER2+,HER2+,HER2+,HER2+,HER2+,HER2+,HER2+,HER2+,HER2+,HER2+,HER2+,HER2+,HER2+,HER2+,HER2+,HER2+,HER2+,HER2+,HER2+,HER2+,HER2+,HER2+,HER2+,HER2+,HER2+,HER2+,HER2+,HER2+,HER2+,HER2+,HER2+,HER2+,HER2+,HER2+,HER2+,HER2+,HER2+,HER2+,HER2+,HER2+,HER2+,HER2+,HER2+,HER2+,HER2+,HER2+,HER2+,HER2+,HER2+,HER2+,HER2+,HER2+,HER2+,HER2+,HER2+,HER2+,HER2+,HER2+,HER2+,HER2+,HER2+,HER2+,HER2+,HER2+,HER2+,HER2+,HER2+,HER2+,HER2+,HER2+,HER2+,HER2+,HER2+,HER2+,HER2+,HER2+,HER2+,HER2+,HER2+,HER2+,HER2+,HER2+,HER2+,HER2+,HER2+,HER2+
Triple Neg,HR+,HR+,HR+,HR+,HR+,HR+,HR+,HER2+,HR+,HR+,HR+,HER2+,HR+,Triple Neg,HR+,HR+,HR+,HR+,Triple Neg,HR+,Triple Neg,Triple Neg,HR+,HER2+,HR+,HR+,Triple Neg,HR+,Triple Neg,HR+,HR+,HR+,Triple Neg,HR+,Triple Neg,HER2+,Triple Neg,Triple Neg,HR+,HR+,HR+,Triple Neg,Triple Neg,HR+,Triple Neg,HR+,HR+,Triple Neg,HR+,HR+,HR+,HR+,Triple Neg,Triple Neg,Triple Neg,HR+,Triple Neg,HR+,HR+,HR+,HR+,HR+,Triple Neg,HR+,HR+,HR+,HR+,Triple Neg,HER2+,HR+,Triple Neg,HER2+,HR+,HR+,Triple Neg,HR+,HR+,HR+,HR+,HR+,HR+,HR+,Triple Neg,HR+,HR+,Triple Neg,Triple Neg,Triple Neg,HR+,Triple Neg,Triple Neg,HR+,Triple Neg,Triple Neg,HER2+,Triple Neg,Triple Neg,Triple Neg,HR+
HR+,HR+,HR+,HR+,HR+,HR+,HR+,HR+,HR+,HR+,HR+,HR+,HR+,HR+,HR+,HR+,HR+,HR+,HR+,HR+,HR+,HR+,HR+,HR+,HR+,HR+,HR+,HR+,HR+,HR+,HR+,HR+,HR+,HR+,HR+,HR+,HR+,HR+,HR+,HR+,HR+,HR+,HR+,HR+,HR+,HR+,HR+,HR+,HR+,HR+,HR+,HR+,HR+,HR+,HR+,HR+,HR+,HR+,HR+,HR+,HR+,HR+,HR+,HR+,HR+,HR+,HR+,HR+,HR+,HR+,HR+,HR+,HR+,HR+,HR+,HR+,HR+,HR+,HR+,HR+,HR+,HR+,HR+,HR+,HR+,HR+,HR+,HR+,HR+,HR+,HR+,HR+,HR+,HR+,HR+,HR+,HR+,HR+,HR+,HR+
Triple Neg,Triple Neg,HR+,Triple Neg,Triple Neg,Triple Neg,Triple Neg,Triple Neg,Triple Neg,Triple Neg,Triple Neg,Triple Neg,Triple Neg,HR+,HR+,Triple Neg,HR+,Triple Neg,HR+,HR+,Triple Neg,Triple Neg,Triple Neg,HR+,Triple Neg,HR+,Triple Neg,HR+,HR+,HR+,HR+,HR+,HR+,HR+,Triple Neg,Triple Neg,Triple Neg,Triple Neg,Triple Neg,Triple Neg,Triple Neg,HR+,HR+,Triple Neg,HR+,Triple Neg,Triple Neg,HR+,Triple Neg,Triple Neg,Triple Neg,HR+,Triple Neg,Triple Neg,HR+,Triple Neg,HR+,Triple Neg,Triple Neg,HR+,HR+,Triple Neg,HR+,HR+,Triple Neg,HR+,Triple Neg,Triple Neg,HR+,HR+,Triple Neg,HR+,HR+,Triple Neg,HR+,Triple Neg,Triple Neg,Triple Neg,HR+,Triple Neg,Triple Neg,HR+,HR+,Triple Neg,HR+,HR+,Triple Neg,HR+,Triple Neg,HR+,Triple Neg,Triple Neg,Triple Neg,Triple Neg,Triple Neg,Triple Neg,HR+,Triple Neg,Triple Neg,Triple Neg
Triple Neg,HR+,HR+,Triple Neg,Triple Neg,Triple Neg,Triple Neg,Triple Neg,Triple Neg,Triple Neg,Triple Neg,Triple Neg,Triple Neg,Triple Neg,HR+,HR+,Triple Neg,Triple Neg,HR+,Triple Neg,HR+,Triple Neg,Triple Neg,HR+,Triple Neg,HR+,Triple Neg,Triple Neg,HR+,HR+,HR+,Triple Neg,Triple Neg,Triple Neg,Triple Neg,Triple Neg,Triple Neg,Triple Neg,HR+,Triple Neg,HR+,Triple Neg,Triple Neg,HR+,HR+,Triple Neg,Triple Neg,HR+,Triple Neg,HR+,HR+,Triple Neg,HR+,Triple Neg,HR+,HR+,Triple Neg,Triple Neg,Triple Neg,Triple Neg,Triple Neg,Triple Neg,HR+,HR+,HR+,Triple Neg,Triple Neg,Triple Neg,Triple Neg,HR+,Triple Neg,Triple Neg,HR+,Triple Neg,Triple Neg,Triple Neg,Triple Neg,Triple Neg,HR+,HR+,Triple Neg,Triple Neg,Triple Neg,Triple Neg,HR+,HR+,HR+,Triple Neg,Triple Neg,Triple Neg,HR+,Triple Neg,HR+,HR+,Triple Neg,Triple Neg,Triple Neg,Triple Neg,HR+,Triple Neg
HR+,HR+,HR+,HR+,HR+,HR+,HR+,HR+,HR+,Triple Neg,HR+,HR+,Triple Neg,Triple Neg,HR+,HR+,HR+,HR+,HR+,HR+,HR+,HR+,HR+,HR+,HR+,HR+,HR+,HR+,HR+,HR+,HR+,HR+,HR+,HR+,HR+,HR+,Triple Neg,HR+,HR+,Triple Neg,HR+,HR+,Triple Neg,HR+,HR+,HR+,HR+,HR+,HR+,HR+,HR+,HR+,HR+,HR+,HR+,HR+,HR+,Triple Neg,HR+,HR+,HR+,HR+,HR+,HR+,HR+,HR+,Triple Neg,HR+,HR+,HR+,HR+,HR+,HR+,Triple Neg,Triple Neg,HR+,HR+,HR+,HR+,Triple Neg,HR+,HR+,HR+,HR+,HR+,HR+,HR+,HR+,HR+,HR+,HR+,HR+,HR+,HR+,HR+,HR+,HR+,HR+,HER2+,HR+
HER2+,HER2+,HER2+,HER2+,HER2+,HER2+,HER2+,HER2+,HER2+,HER2+,HER2+,HER2+,HER2+,HER2+,HER2+,HER2+,HER2+,HER2+,HER2+,HER2+,HER2+,HER2+,HER2+,HER2+,HER2+,HER2+,HER2+,HER2+,HER2+,HER2+,HER2+,HER2+,HER2+,HER2+,HER2+,HER2+,HER2+,HER2+,HER2+,HER2+,HER2+,HER2+,HER2+,HER2+,HER2+,HER2+,HER2+,HER2+,HER2+,HER2+,HER2+,HER2+,HER2+,HER2+,HER2+,HER2+,HER2+,HER2+,HER2+,HER2+,HER2+,HER2+,HER2+,HER2+,HER2+,HER2+,HER2+,HER2+,HER2+,HER2+,HER2+,HER2+,HER2+,HER2+,HER2+,HER2+,HER2+,HER2+,HER2+,HER2+,HER2+,HER2+,HER2+,HER2+,HER2+,HER2+,HER2+,HER2+,HER2+,HER2+,HER2+,HER2+,HER2+,HER2+,HER2+,HER2+,HER2+,HER2+,HER2+,HER2+
HR+,HR+,HR+,HR+,HR+,HR+,HR+,HR+,HR+,Triple Neg,Triple Neg,HR+,Triple Neg,Triple Neg,HR+,HR+,HR+,HR+,HR+,HR+,HR+,Triple Neg,HR+,HR+,Triple Neg,HR+,Triple Neg,HR+,HR+,HR+,HR+,HR+,HR+,HR+,Triple Neg,HR+,HR+,HR+,HR+,Triple Neg,HR+,HR+,HR+,HR+,HR+,HR+,HR+,HR+,HR+,HR+,HR+,HR+,Triple Neg,HR+,HR+,Triple Neg,HR+,Triple Neg,HR+,HR+,HR+,HR+,HR+,HR+,HR+,HR+,Triple Neg,HR+,HR+,HR+,Triple Neg,HR+,HR+,Triple Neg,Triple Neg,HR+,HR+,Triple Neg,HR+,Triple Neg,Triple Neg,HR+,HR+,Triple Neg,HR+,HR+,HR+,HR+,HR+,HR+,Triple Neg,HR+,HR+,HR+,HR+,Triple Neg,HR+,Triple Neg,HR+,HR+
